peel,rho
0,0
1,0.1420546570938187
2,0.16990474243583265
3,0.15269246093730074
4,0.19617644145711893
5,0.20431184776662614
6,0.23903767089120548
7,0.2774679702770581
8,0.33479416654401845
9,0.37301918483637603
10,0.3880219987603189
11,0.347710478391275
12,0.3058564744859883
13,0.28925738012236346
14,0.2787246965977444
15,0.2697832019384583
16,0.2662848619743825
17,0.25272587207209085
18,0.2270058969452203
19,0.2264504642445065
